"Entity","Month","Total_lockdown_length","Total_stay_at_home_requirements","Lockdown_severity","Monthly_death_rates_per_million_people","Monthly_income_support","Monthly_workplace_closures_severity","previous_month_connected_lockdown","long_lockdown","Region","Sub.region","Indicator","Violence_Value","Population","Violence_per_million_people","lockdown_intensity_per_day","dv_percent_change_prev","pre_march_avg_dv","dv_percent_change_baseline","lag_deaths_per_million","lag_violence"
"albania","2019-10",0,0,0,0,0,0,0,0,"Europe","Southern Europe","Sexual violence or physical assault by IPFM*  (domestic violence): Total number of offences",112,2877239,38.9262066863406,0,0,35.2421192678119,0.104536489151874,0,0
"albania","2019-11",0,0,0,0,0,0,0,0,"Europe","Southern Europe","Sexual violence or physical assault by IPFM*  (domestic violence): Total number of offences",81,2877239,28.1519887642285,0,-0.276785714285714,35.2421192678119,-0.201183431952662,0,38.9262066863406
"albania","2019-12",0,0,0,0,0,0,0,0,"Europe","Southern Europe","Sexual violence or physical assault by IPFM*  (domestic violence): Total number of offences",113,2877239,39.2737621031829,0,0.395061728395059,35.2421192678119,0.114398422090729,0,28.1519887642285
"albania","2020-01",0,0,0,0,0,0,0,0,"Europe","Southern Europe","Sexual violence or physical assault by IPFM*  (domestic violence): Total number of offences",111,2877239,38.5786512694983,0,-0.0176991150442463,35.2421192678119,0.0946745562130185,0,39.2737621031829
"albania","2020-02",0,0,0,0,0,0,0,0,"Europe","Southern Europe","Sexual violence or physical assault by IPFM*  (domestic violence): Total number of offences",90,2877239,31.2799875158094,0,-0.18918918918919,35.2421192678119,-0.112426035502959,0,38.5786512694983
"albania","2020-03",19,19,38,3.53661568,13,42,0,19,"Europe","Southern Europe","Sexual violence or physical assault by IPFM*  (domestic violence): Total number of offences",90,2877239,31.2799875158094,2,0,35.2421192678119,-0.112426035502959,0,31.2799875158094
"albania","2020-04",30,30,60,7.07323136,46,60,1,49,"Europe","Southern Europe","Sexual violence or physical assault by IPFM*  (domestic violence): Total number of offences",96,2877239,33.3653200168634,2,0.066666666666668,35.2421192678119,-0.0532544378698217,3.53661568,31.2799875158094
"albania","2020-05",31,31,62,1.06098471,56,62,1,80,"Europe","Southern Europe","Sexual violence or physical assault by IPFM*  (domestic violence): Total number of offences",127,2877239,44.1395379389755,2,0.322916666666666,35.2421192678119,0.252465483234714,7.07323136,33.3653200168634
"albania","2020-06",0,30,30,7.78055448,30,60,0,0,"Europe","Southern Europe","Sexual violence or physical assault by IPFM*  (domestic violence): Total number of offences",159,2877239,55.26131127793,1,0.251968503937009,35.2421192678119,0.568047337278108,1.06098471,44.1395379389755
"albania","2020-07",0,31,31,33.59784928,31,62,0,0,"Europe","Southern Europe","Sexual violence or physical assault by IPFM*  (domestic violence): Total number of offences",158,2877239,54.9137558610877,1,-0.00628930817610009,35.2421192678119,0.558185404339252,7.78055448,55.26131127793
"albania","2020-08",0,31,31,44.20769646,31,62,0,0,"Europe","Southern Europe","Sexual violence or physical assault by IPFM*  (domestic violence): Total number of offences",174,2877239,60.4746425305649,1,0.101265822784809,35.2421192678119,0.715976331360948,33.59784928,54.9137558610877
"bosnia and herzegovina","2019-10",0,0,0,0,0,0,0,0,"Europe","Southern Europe","Sexual violence or physical assault by IPFM*  (domestic violence): Total number of offences",30,3277152,9.15429006649676,0,0,11.6564626846725,-0.214659685863873,0,33.2605872416049
"bosnia and herzegovina","2019-11",0,0,0,0,0,0,0,0,"Europe","Southern Europe","Sexual violence or physical assault by IPFM*  (domestic violence): Total number of offences",32,3277152,9.76457607092988,0,0.0666666666666671,11.6564626846725,-0.162303664921465,0,31.7348722305221
"bosnia and herzegovina","2019-12",0,0,0,0,0,0,0,0,"Europe","Southern Europe","Sexual violence or physical assault by IPFM*  (domestic violence): Total number of offences",34,3277152,10.374862075363,0,0.0625000000000002,11.6564626846725,-0.109947643979056,0,39.9737332903692
"bosnia and herzegovina","2020-01",0,0,0,0,0,0,0,0,"Europe","Southern Europe","Sexual violence or physical assault by IPFM*  (domestic violence): Total number of offences",38,3277152,11.5954340842292,0,0.117647058823526,11.6564626846725,-0.00523560209424218,0,22.2754391618088
"bosnia and herzegovina","2020-02",0,0,0,0,0,0,0,0,"Europe","Southern Europe","Sexual violence or physical assault by IPFM*  (domestic violence): Total number of offences",57,3277152,17.3931511263438,0,0.5,11.6564626846725,0.492146596858637,0,28.9885852105731
"bosnia and herzegovina","2020-03",12,12,36,3.74441847,31,45,0,12,"Europe","Southern Europe","Sexual violence or physical assault by IPFM*  (domestic violence): Total number of offences",49,3277152,14.9520071086114,3,-0.140350877192979,11.6564626846725,0.282722513089009,3.74441847,26.8525841950572
"bosnia and herzegovina","2020-04",30,30,83,16.53784835,30,90,1,42,"Europe","Southern Europe","Sexual violence or physical assault by IPFM*  (domestic violence): Total number of offences",40,3277152,12.2057200886624,2.76666666666667,-0.183673469387753,11.6564626846725,0.0471204188481733,16.53784835,26.2422981906241
"bosnia and herzegovina","2020-05",20,20,40,27.45906878,31,72,1,62,"Europe","Southern Europe","Sexual violence or physical assault by IPFM*  (domestic violence): Total number of offences",NA,3277152,NA,2,0,11.6564626846725,NA,27.45906878,0
"bosnia and herzegovina","2020-06",0,0,0,9.67308108,30,60,0,0,"Europe","Southern Europe","Sexual violence or physical assault by IPFM*  (domestic violence): Total number of offences",NA,3277152,NA,0,0,11.6564626846725,NA,9.67308108,0
"bosnia and herzegovina","2020-07",0,0,0,44.93302163,4,35,0,0,"Europe","Southern Europe","Sexual violence or physical assault by IPFM*  (domestic violence): Total number of offences",NA,3277152,NA,0,0,11.6564626846725,NA,44.93302163,0
"bosnia and herzegovina","2020-08",0,0,0,84.24941345,0,31,0,0,"Europe","Southern Europe","Sexual violence or physical assault by IPFM*  (domestic violence): Total number of offences",NA,3277152,NA,0,0,11.6564626846725,NA,84.24941345,0
"chile","2019-10",0,0,0,0,0,0,0,0,"Americas","Latin America and the Caribbean","Sexual violence or physical assault by IPFM*  (domestic violence): Total number of offences",9903,19144605,517.273665348541,0,0,540.61183294197,-0.0431699163268853,0,0
"chile","2019-11",0,0,0,0,0,0,0,0,"Americas","Latin America and the Caribbean","Sexual violence or physical assault by IPFM*  (domestic violence): Total number of offences",9886,19144605,516.385686724798,0,-0.0017166515197419,540.61183294197,-0.0448124601441575,0,203.085934653653
"chile","2019-12",0,0,0,0,0,0,0,0,"Americas","Latin America and the Caribbean","Sexual violence or physical assault by IPFM*  (domestic violence): Total number of offences",10883,19144605,568.46302130548,0,0.100849686425247,540.61183294197,0.0515179037276078,0,208.048168139275
"chile","2020-01",0,0,0,0,0,0,0,0,"Americas","Latin America and the Caribbean","Sexual violence or physical assault by IPFM*  (domestic violence): Total number of offences",11178,19144605,583.872062129253,0,0.0271064963704869,540.61183294197,0.0800208699685022,0,220.636570981747
"chile","2020-02",0,0,0,0,0,0,0,0,"Americas","Latin America and the Caribbean","Sexual violence or physical assault by IPFM*  (domestic violence): Total number of offences",9899,19144605,517.064729201778,0,-0.114421184469494,540.61183294197,-0.0435563972250668,0,224.292953550099
"chile","2020-03",7,7,14,0.409144696,0,37,0,7,"Americas","Latin America and the Caribbean","Sexual violence or physical assault by IPFM*  (domestic violence): Total number of offences",9578,19144605,500.297603424046,2,-0.032427517931104,540.61183294197,-0.0745714893041407,0,192.221255021976
"chile","2020-04",30,30,60,10.637762405,29,60,1,37,"Americas","Latin America and the Caribbean","Sexual violence or physical assault by IPFM*  (domestic violence): Total number of offences",7776,19144605,406.171869307306,2,-0.188139486322824,540.61183294197,-0.248681133934956,0.409144696,189.400617040675
"chile","2020-05",31,31,86,39.94275178,31,79,1,68,"Americas","Latin America and the Caribbean","Sexual violence or physical assault by IPFM*  (domestic violence): Total number of offences",NA,19144605,NA,2.7741935483871,0,540.61183294197,NA,10.637762405,150.904131999589
"chile","2020-06",30,30,90,234.13305904,45,90,1,98,"Americas","Latin America and the Caribbean","Sexual violence or physical assault by IPFM*  (domestic violence): Total number of offences",NA,19144605,NA,3,0,540.61183294197,NA,39.94275178,0
"chile","2020-07",31,31,93,194.4460235,62,93,1,129,"Americas","Latin America and the Caribbean","Sexual violence or physical assault by IPFM*  (domestic violence): Total number of offences",NA,19144605,NA,3,0,540.61183294197,NA,234.13305904,0
"chile","2020-08",31,31,93,95.4841467,62,93,1,160,"Americas","Latin America and the Caribbean","Sexual violence or physical assault by IPFM*  (domestic violence): Total number of offences",NA,19144605,NA,3,0,540.61183294197,NA,194.4460235,0
"croatia","2019-10",0,0,0,0,0,0,0,0,"Europe","Southern Europe","Sexual violence or physical assault by IPFM*  (domestic violence): Total number of offences",176,4100719,42.9193026881383,0,0,45.2115836271639,-0.0507011866235177,0,0
"croatia","2019-11",0,0,0,0,0,0,0,0,"Europe","Southern Europe","Sexual violence or physical assault by IPFM*  (domestic violence): Total number of offences",155,4100719,37.7982495264855,0,-0.11931818181818,45.2115836271639,-0.163969795037756,0,33.1649157135614
"croatia","2019-12",0,0,0,0,0,0,0,0,"Europe","Southern Europe","Sexual violence or physical assault by IPFM*  (domestic violence): Total number of offences",184,4100719,44.8701800830537,0,0.187096774193547,45.2115836271639,-0.00755124056094996,0,29.5070205980951
"croatia","2020-01",0,0,0,0,0,0,0,0,"Europe","Southern Europe","Sexual violence or physical assault by IPFM*  (domestic violence): Total number of offences",190,4100719,46.3333381292403,0,0.0326086956521755,45.2115836271639,0.0248112189859772,0,32.1894770161038
"croatia","2020-02",0,0,0,0,0,0,0,0,"Europe","Southern Europe","Sexual violence or physical assault by IPFM*  (domestic violence): Total number of offences",222,4100719,54.1368477089018,0,0.168421052631578,45.2115836271639,0.197411003236246,0,36.0912318059345
"croatia","2020-03",12,12,24,1.53570988,15,48,0,12,"Europe","Southern Europe","Sexual violence or physical assault by IPFM*  (domestic violence): Total number of offences",209,4100719,50.9666719421643,2,-0.0585585585585587,45.2115836271639,0.127292340884574,0,35.1157931084768
"croatia","2020-04",30,30,60,15.6130503,60,86,1,42,"Europe","Southern Europe","Sexual violence or physical assault by IPFM*  (domestic violence): Total number of offences",190,4100719,46.3333381292403,2,-0.0909090909090902,45.2115836271639,0.0248112189859772,1.53570988,39.7491269214009
"croatia","2020-05",10,31,41,9.21425914,62,41,1,52,"Europe","Southern Europe","Sexual violence or physical assault by IPFM*  (domestic violence): Total number of offences",222,4100719,54.1368477089018,1.32258064516129,0.168421052631578,45.2115836271639,0.197411003236246,15.6130503,34.8719334341124
"croatia","2020-06",0,30,30,1.02380658,60,49,0,0,"Europe","Southern Europe","Sexual violence or physical assault by IPFM*  (domestic violence): Total number of offences",292,4100719,71.2070249144113,1,0.315315315315314,45.2115836271639,0.57497303128371,9.21425914,39.7491269214009
"croatia","2020-07",0,31,31,9.4702107,62,62,0,0,"Europe","Southern Europe","Sexual violence or physical assault by IPFM*  (domestic violence): Total number of offences",250,4100719,60.9649185911056,1,-0.143835616438356,45.2115836271639,0.348435814455232,1.02380658,51.6982509652576
"croatia","2020-08",0,31,31,10.2380658,62,62,0,0,"Europe","Southern Europe","Sexual violence or physical assault by IPFM*  (domestic violence): Total number of offences",295,4100719,71.9386039375046,1,0.18,45.2115836271639,0.591154261057173,9.4702107,46.3333381292403
"czechia","2019-10",0,0,0,0,0,0,0,0,"Europe","Eastern Europe","Sexual violence or physical assault by IPFM*  (domestic violence): Total number of offences",NA,10701777,NA,0,0,63.4240463055809,NA,0,0
"czechia","2019-11",0,0,0,0,0,0,0,0,"Europe","Eastern Europe","Sexual violence or physical assault by IPFM*  (domestic violence): Total number of offences",444,10701777,41.4884369203358,0,0,63.4240463055809,-0.34585635359116,0,0
"czechia","2019-12",0,0,0,0,0,0,0,0,"Europe","Eastern Europe","Sexual violence or physical assault by IPFM*  (domestic violence): Total number of offences",928,10701777,86.7145708605216,0,1.09009009009009,63.4240463055809,0.367219152854512,0,6.26064250824886
"czechia","2020-01",0,0,0,0,0,0,0,0,"Europe","Eastern Europe","Sexual violence or physical assault by IPFM*  (domestic violence): Total number of offences",720,10701777,67.2785463573012,0,-0.224137931034483,63.4240463055809,0.0607734806629828,0,17.6606184187916
"czechia","2020-02",0,0,0,0,0,0,0,0,"Europe","Eastern Europe","Sexual violence or physical assault by IPFM*  (domestic violence): Total number of offences",623,10701777,58.2146310841648,0,-0.134722222222222,63.4240463055809,-0.0821362799263355,0,15.3245577813853
"czechia","2020-03",17,17,34,2.623400814,2,56,0,17,"Europe","Eastern Europe","Sexual violence or physical assault by IPFM*  (domestic violence): Total number of offences",406,10701777,37.9376247514782,2,-0.348314606741573,63.4240463055809,-0.401841620626151,0,12.7081698674902
"czechia","2020-04",20,30,50,19.300734654,60,79,1,37,"Europe","Eastern Europe","Sexual violence or physical assault by IPFM*  (domestic violence): Total number of offences",354,10701777,33.0786186256731,1.66666666666667,-0.12807881773399,63.4240463055809,-0.478453038674033,2.623400814,8.50326072015891
"czechia","2020-05",0,31,31,7.870202524,62,55,0,0,"Europe","Eastern Europe","Sexual violence or physical assault by IPFM*  (domestic violence): Total number of offences",NA,10701777,NA,1,0,63.4240463055809,NA,19.300734654,7.28850918870763
"czechia","2020-06",0,0,0,2.623400778,60,30,0,0,"Europe","Eastern Europe","Sexual violence or physical assault by IPFM*  (domestic violence): Total number of offences",NA,10701777,NA,0,0,63.4240463055809,NA,7.870202524,0
"czechia","2020-07",0,0,0,3.185558096,62,31,0,0,"Europe","Eastern Europe","Sexual violence or physical assault by IPFM*  (domestic violence): Total number of offences",NA,10701777,NA,0,0,63.4240463055809,NA,2.623400778,0
"czechia","2020-08",0,0,0,4.309872778,62,31,0,0,"Europe","Eastern Europe","Sexual violence or physical assault by IPFM*  (domestic violence): Total number of offences",NA,10701777,NA,0,0,63.4240463055809,NA,3.185558096,0
"georgia","2019-10",0,0,0,0,0,0,0,0,"Asia","Western Asia","Sexual violence or physical assault by IPFM* (domestic violence): Total number of victims",452,3987805,113.34556228301,0,0,110.787764196093,0.0230873698506097,0,0
"georgia","2019-11",0,0,0,0,0,0,0,0,"Asia","Western Asia","Sexual violence or physical assault by IPFM* (domestic violence): Total number of victims",370,3987805,92.7828717803403,0,-0.181415929203538,110.787764196093,-0.162516976007242,0,113.34556228301
"georgia","2019-12",0,0,0,0,0,0,0,0,"Asia","Western Asia","Sexual violence or physical assault by IPFM* (domestic violence): Total number of victims",454,3987805,113.847091319661,0,0.227027027027029,110.787764196093,0.0276143051154401,0,92.7828717803403
"georgia","2020-01",0,0,0,0,0,0,0,0,"Asia","Western Asia","Sexual violence or physical assault by IPFM* (domestic violence): Total number of victims",481,3987805,120.617733314442,0,0.0594713656387613,110.787764196093,0.088727931190582,0,113.847091319661
"georgia","2020-02",0,0,0,0,0,0,0,0,"Asia","Western Asia","Sexual violence or physical assault by IPFM* (domestic violence): Total number of victims",452,3987805,113.34556228301,0,-0.0602910602910599,110.787764196093,0.0230873698506097,0,120.617733314442
"georgia","2020-03",9,23,33,0,0,49,0,9,"Asia","Western Asia","Sexual violence or physical assault by IPFM* (domestic violence): Total number of victims",466,3987805,116.856265539564,1.43478260869565,0.0309734513274389,110.787764196093,0.0547759167043951,0,113.34556228301
"georgia","2020-04",30,30,90,1.581141,7,86,1,39,"Asia","Western Asia","Sexual violence or physical assault by IPFM* (domestic violence): Total number of victims",NA,3987805,NA,3,0,110.787764196093,NA,0,116.856265539564
"georgia","2020-05",25,31,78,1.581141,31,62,1,61,"Asia","Western Asia","Sexual violence or physical assault by IPFM* (domestic violence): Total number of victims",NA,3987805,NA,2.51612903225806,0,110.787764196093,NA,1.581141,0
"georgia","2020-06",14,30,44,0.7905705,30,60,1,17,"Asia","Western Asia","Sexual violence or physical assault by IPFM* (domestic violence): Total number of victims",NA,3987805,NA,1.46666666666667,0,110.787764196093,NA,1.581141,0
"georgia","2020-07",0,31,31,0.527047,31,62,0,0,"Asia","Western Asia","Sexual violence or physical assault by IPFM* (domestic violence): Total number of victims",NA,3987805,NA,1,0,110.787764196093,NA,0.7905705,0
"georgia","2020-08",0,31,31,0.527047,31,62,0,0,"Asia","Western Asia","Sexual violence or physical assault by IPFM* (domestic violence): Total number of victims",NA,3987805,NA,1,0,110.787764196093,NA,0.527047,0
"greece","2019-10",0,0,0,0,0,0,0,0,"Europe","Southern Europe","Sexual violence or physical assault by IPFM*  (domestic violence): Total number of offences",179,10413936,17.1885058636811,0,0,18.0719374499709,-0.0488841657810842,0,45.035805866293
"greece","2019-11",0,0,0,0,0,0,0,0,"Europe","Southern Europe","Sexual violence or physical assault by IPFM*  (domestic violence): Total number of offences",177,10413936,16.9964555188355,0,-0.011173184357542,18.0719374499709,-0.0595111583421895,0,37.353792072469
"greece","2019-12",0,0,0,0,0,0,0,0,"Europe","Southern Europe","Sexual violence or physical assault by IPFM*  (domestic violence): Total number of offences",211,10413936,20.2613113812107,0,0.192090395480227,18.0719374499709,0.1211477151966,0,40.714673107267
"greece","2020-01",0,0,0,0,0,0,0,0,"Europe","Southern Europe","Sexual violence or physical assault by IPFM*  (domestic violence): Total number of offences",202,10413936,19.3970848294055,0,-0.0426540284360191,18.0719374499709,0.0733262486716263,0,37.5458424173146
"greece","2020-02",0,0,0,0,0,0,0,0,"Europe","Southern Europe","Sexual violence or physical assault by IPFM*  (domestic violence): Total number of offences",172,10413936,16.5163296567215,0,-0.148514851485149,18.0719374499709,-0.0860786397449527,0,35.0491879343219
"greece","2020-03",9,9,18,4.03364132,14,40,0,9,"Europe","Southern Europe","Sexual violence or physical assault by IPFM*  (domestic violence): Total number of offences",167,10413936,16.0362037946075,2,-0.0290697674418607,18.0719374499709,-0.112646121147716,4.03364132,33.6088103479799
"greece","2020-04",30,30,60,8.8355953,30,60,1,39,"Europe","Southern Europe","Sexual violence or physical assault by IPFM*  (domestic violence): Total number of offences",157,10413936,15.0759520703795,2,-0.0598802395209583,18.0719374499709,-0.165781083953242,8.8355953,32.1684327616379
"greece","2020-05",29,31,60,4.32175856,31,35,1,68,"Europe","Southern Europe","Sexual violence or physical assault by IPFM*  (domestic violence): Total number of offences",271,10413936,26.0228217265787,1.93548387096774,0.726114649681533,18.0719374499709,0.439957492029758,4.32175856,39.5623710381934
"greece","2020-06",0,30,30,1.15246893,60,30,0,0,"Europe","Southern Europe","Sexual violence or physical assault by IPFM*  (domestic violence): Total number of offences",306,10413936,29.3837027613767,1,0.129151291512916,18.0719374499709,0.6259298618491,1.15246893,47.1483596595946
"greece","2020-07",0,31,31,1.05642992,62,31,0,0,"Europe","Southern Europe","Sexual violence or physical assault by IPFM*  (domestic violence): Total number of offences",373,10413936,35.8173893137043,1,0.218954248366014,18.0719374499709,0.981934112646126,1.05642992,58.479330005485
"greece","2020-08",0,31,31,6.05046202,62,31,0,0,"Europe","Southern Europe","Sexual violence or physical assault by IPFM*  (domestic violence): Total number of offences",NA,10413936,NA,1,0,18.0719374499709,NA,6.05046202,0
"guatemala","2019-10",0,0,0,0,0,0,0,0,"Americas","Latin America and the Caribbean","Sexual violence or physical assault by IPFM*  (domestic violence): Total number of offences",74,17971382,4.11765772938331,0,0,4.08427131536128,0.00817438692098218,0,0
"guatemala","2019-11",0,0,0,0,0,0,0,0,"Americas","Latin America and the Caribbean","Sexual violence or physical assault by IPFM*  (domestic violence): Total number of offences",76,17971382,4.22894577612339,0,0.0270270270270248,4.08427131536128,0.0354223433242497,0,3.33864140220268
"guatemala","2019-12",0,0,0,0,0,0,0,0,"Americas","Latin America and the Caribbean","Sexual violence or physical assault by IPFM*  (domestic violence): Total number of offences",75,17971382,4.17330175275335,0,-0.0131578947368411,4.08427131536128,0.021798365122616,0,3.28299737883264
"guatemala","2020-01",0,0,0,0,0,0,0,0,"Americas","Latin America and the Caribbean","Sexual violence or physical assault by IPFM*  (domestic violence): Total number of offences",56,17971382,3.1160653087225,0,-0.253333333333334,4.08427131536128,-0.237057220708447,0,3.56121749568286
"guatemala","2020-02",0,0,0,0,0,0,0,0,"Americas","Latin America and the Caribbean","Sexual violence or physical assault by IPFM*  (domestic violence): Total number of offences",86,17971382,4.78538600982384,0,0.535714285714286,4.08427131536128,0.171662125340599,0,2.72655714513219
"guatemala","2020-03",10,10,20,0.056029227,0,45,0,10,"Americas","Latin America and the Caribbean","Sexual violence or physical assault by IPFM*  (domestic violence): Total number of offences",97,17971382,5.39747026689433,2,0.127906976744186,4.08427131536128,0.321525885558583,0,4.11765772938331
"guatemala","2020-04",30,30,60,1.008525608,10,87,1,40,"Americas","Latin America and the Caribbean","Sexual violence or physical assault by IPFM*  (domestic violence): Total number of offences",113,17971382,6.28777464081505,2,0.164948453608248,4.08427131536128,0.539509536784742,0.056029227,4.50716589297362
"guatemala","2020-05",31,31,62,4.314249875,31,90,1,71,"Americas","Latin America and the Caribbean","Sexual violence or physical assault by IPFM*  (domestic violence): Total number of offences",116,17971382,6.45470671092518,2,0.0265486725663711,4.08427131536128,0.580381471389646,1.008525608,4.95231807993397
"guatemala","2020-06",30,30,60,35.69061697,30,90,1,101,"Americas","Latin America and the Caribbean","Sexual violence or physical assault by IPFM*  (domestic violence): Total number of offences",128,17971382,7.12243499136572,2,0.10344827586207,4.08427131536128,0.743869209809265,4.314249875,5.34182624352429
"guatemala","2020-07",31,31,62,63.87331895,31,88,1,132,"Americas","Latin America and the Caribbean","Sexual violence or physical assault by IPFM*  (domestic violence): Total number of offences",132,17971382,7.3450110848459,2,0.0312500000000001,4.08427131536128,0.798365122615805,35.69061697,6.232130617445
"guatemala","2020-08",31,31,62,48.91351465,31,62,1,163,"Americas","Latin America and the Caribbean","Sexual violence or physical assault by IPFM*  (domestic violence): Total number of offences",120,17971382,6.67728280440536,2,-0.0909090909090914,4.08427131536128,0.634877384196186,63.87331895,4.50716589297362
"guyana","2019-10",0,0,0,0,0,0,0,0,"Americas","Latin America and the Caribbean","Sexual violence or physical assault by IPFM*  (domestic violence): Total number of offences",189,787215,240.086888588251,0,0,189.528908874958,0.266756032171581,0,0
"guyana","2019-11",0,0,0,0,0,0,0,0,"Americas","Latin America and the Caribbean","Sexual violence or physical assault by IPFM*  (domestic violence): Total number of offences",147,787215,186.734246679751,0,-0.222222222222221,189.528908874958,-0.0147453083109911,0,190.545149673215
"guyana","2019-12",0,0,0,0,0,0,0,0,"Americas","Latin America and the Caribbean","Sexual violence or physical assault by IPFM*  (domestic violence): Total number of offences",182,787215,231.194781603501,0,0.238095238095237,189.528908874958,0.219839142091153,0,162.598527721144
"guyana","2020-01",0,0,0,0,0,0,0,0,"Americas","Latin America and the Caribbean","Sexual violence or physical assault by IPFM*  (domestic violence): Total number of offences",133,787215,168.950032710251,0,-0.269230769230768,189.528908874958,-0.108579088471849,0,195.626353664501
"guyana","2020-02",0,0,0,0,0,0,0,0,"Americas","Latin America and the Caribbean","Sexual violence or physical assault by IPFM*  (domestic violence): Total number of offences",95,787215,120.678594793036,0,-0.285714285714288,189.528908874958,-0.363270777479894,0,124.489497786501
"guyana","2020-03",0,6,6,1.2171551,0,12,0,0,"Americas","Latin America and the Caribbean","Sexual violence or physical assault by IPFM*  (domestic violence): Total number of offences",114,787215,144.814313751643,1,0.199999999999998,189.528908874958,-0.235924932975874,0,95.2725748366075
"guyana","2020-04",28,30,58,8.5200857,0,68,0,28,"Americas","Latin America and the Caribbean","Sexual violence or physical assault by IPFM*  (domestic violence): Total number of offences",103,787215,130.841002775608,1.93333333333333,-0.0964912280701705,189.528908874958,-0.30965147453083,1.2171551,109.245885812643
"guyana","2020-05",31,31,62,3.6514653,0,62,1,59,"Americas","Latin America and the Caribbean","Sexual violence or physical assault by IPFM*  (domestic violence): Total number of offences",NA,787215,NA,2,0,189.528908874958,NA,8.5200857,100.353778827893
"guyana","2020-06",16,30,46,1.2171551,16,60,1,75,"Americas","Latin America and the Caribbean","Sexual violence or physical assault by IPFM*  (domestic violence): Total number of offences",NA,787215,NA,1.53333333333333,0,189.528908874958,NA,3.6514653,0
"guyana","2020-07",29,31,60,9.7372408,31,62,0,29,"Americas","Latin America and the Caribbean","Sexual violence or physical assault by IPFM*  (domestic violence): Total number of offences",NA,787215,NA,1.93548387096774,0,189.528908874958,NA,1.2171551,0
"guyana","2020-08",31,31,62,18.2573262,17,0,1,60,"Americas","Latin America and the Caribbean","Sexual violence or physical assault by IPFM*  (domestic violence): Total number of offences",NA,787215,NA,2,0,189.528908874958,NA,9.7372408,0
"iceland","2019-10",0,0,0,0,0,0,0,0,"Europe","Northern Europe","Sexual violence or physical assault by IPFM*  (domestic violence): Total number of offences",68,341628,199.04691652909,0,0,234.758275082839,-0.15211970074813,0,0
"iceland","2019-11",0,0,0,0,0,0,0,0,"Europe","Northern Europe","Sexual violence or physical assault by IPFM*  (domestic violence): Total number of offences",92,341628,269.29876942171,0,0.352941176470588,234.758275082839,0.147132169576059,0,199.04691652909
"iceland","2019-12",0,0,0,0,0,0,0,0,"Europe","Northern Europe","Sexual violence or physical assault by IPFM*  (domestic violence): Total number of offences",83,341628,242.954324586978,0,-0.0978260869565199,234.758275082839,0.0349127182044905,0,269.29876942171
"iceland","2020-01",0,0,0,0,0,0,0,0,"Europe","Northern Europe","Sexual violence or physical assault by IPFM*  (domestic violence): Total number of offences",82,341628,240.027164049785,0,-0.0120481927710864,234.758275082839,0.0224438902743138,0,242.954324586978
"iceland","2020-02",0,0,0,0,0,0,0,0,"Europe","Northern Europe","Sexual violence or physical assault by IPFM*  (domestic violence): Total number of offences",76,341628,222.46420082663,0,-0.0731707317073171,234.758275082839,-0.0523690773067336,0,240.027164049785
"iceland","2020-03",0,0,0,5.258702,22,32,0,0,"Europe","Northern Europe","Sexual violence or physical assault by IPFM*  (domestic violence): Total number of offences",77,341628,225.391361363823,0,0.0131578947368444,234.758275082839,-0.0399002493765569,0,222.46420082663
"iceland","2020-04",0,0,0,21.034808,60,60,0,0,"Europe","Northern Europe","Sexual violence or physical assault by IPFM*  (domestic violence): Total number of offences",102,341628,298.570374793635,0,0.324675324675322,234.758275082839,0.271820448877805,5.258702,225.391361363823
"iceland","2020-05",0,0,0,0,62,48,0,0,"Europe","Northern Europe","Sexual violence or physical assault by IPFM*  (domestic violence): Total number of offences",107,341628,313.206177479598,0,0.049019607843139,234.758275082839,0.33416458852868,21.034808,298.570374793635
"iceland","2020-06",0,0,0,0,60,0,0,0,"Europe","Northern Europe","Sexual violence or physical assault by IPFM*  (domestic violence): Total number of offences",91,341628,266.371608884518,0,-0.149532710280374,234.758275082839,0.134663341645887,0,313.206177479598
"iceland","2020-07",0,0,0,0,62,1,0,0,"Europe","Northern Europe","Sexual violence or physical assault by IPFM*  (domestic violence): Total number of offences",77,341628,225.391361363823,0,-0.153846153846154,234.758275082839,-0.0399002493765569,0,266.371608884518
"iceland","2020-08",0,0,0,0,62,31,0,0,"Europe","Northern Europe","Sexual violence or physical assault by IPFM*  (domestic violence): Total number of offences",79,341628,231.245682438208,0,0.025974025974026,234.758275082839,-0.0149625935162077,0,225.391361363823
"latvia","2019-10",0,0,0,0,0,0,0,0,"Europe","Northern Europe","Sexual violence or physical assault by IPFM*  (domestic violence): Total number of offences",14,1882408,7.43728245948806,0,0,6.79980110581766,0.0937499999999999,0,0
"latvia","2019-11",0,0,0,0,0,0,0,0,"Europe","Northern Europe","Sexual violence or physical assault by IPFM*  (domestic violence): Total number of offences",14,1882408,7.43728245948806,0,0,6.79980110581766,0.0937499999999999,0,7.43728245948806
"latvia","2019-12",0,0,0,0,0,0,0,0,"Europe","Northern Europe","Sexual violence or physical assault by IPFM*  (domestic violence): Total number of offences",11,1882408,5.84357907531205,0,-0.214285714285714,6.79980110581766,-0.140625,0,5.31234461392004
"latvia","2020-01",0,0,0,0,0,0,0,0,"Europe","Northern Europe","Sexual violence or physical assault by IPFM*  (domestic violence): Total number of offences",12,1882408,6.37481353670405,0,0.0909090909090901,6.79980110581766,-0.0625000000000003,0,3.18740676835203
"latvia","2020-02",0,0,0,0,0,0,0,0,"Europe","Northern Europe","Sexual violence or physical assault by IPFM*  (domestic violence): Total number of offences",13,1882408,6.90604799809606,0,0.0833333333333343,6.79980110581766,0.0156250000000005,0,7.43728245948806
"latvia","2020-03",0,19,19,0,36,27,0,0,"Europe","Northern Europe","Sexual violence or physical assault by IPFM*  (domestic violence): Total number of offences",10,1882408,5.31234461392004,1,-0.230769230769232,6.79980110581766,-0.218750000000001,0,5.84357907531205
"latvia","2020-04",0,30,30,6.9111588,60,60,0,0,"Europe","Northern Europe","Sexual violence or physical assault by IPFM*  (domestic violence): Total number of offences",11,1882408,5.84357907531205,1,0.100000000000001,6.79980110581766,-0.140625,0,4.78111015252804
"latvia","2020-05",0,31,31,6.379531,28,62,0,0,"Europe","Northern Europe","Sexual violence or physical assault by IPFM*  (domestic violence): Total number of offences",14,1882408,7.43728245948806,1,0.272727272727272,6.79980110581766,0.0937499999999999,6.9111588,3.71864122974403
"latvia","2020-06",0,30,30,2.6581379,0,60,0,0,"Europe","Northern Europe","Sexual violence or physical assault by IPFM*  (domestic violence): Total number of offences",14,1882408,7.43728245948806,1,0,6.79980110581766,0.0937499999999999,6.379531,5.31234461392004
"latvia","2020-07",0,31,31,0.5316276,0,62,0,0,"Europe","Northern Europe","Sexual violence or physical assault by IPFM*  (domestic violence): Total number of offences",10,1882408,5.31234461392004,1,-0.285714285714286,6.79980110581766,-0.218750000000001,2.6581379,4.24987569113603
"latvia","2020-08",0,31,31,1.5948828,0,62,0,0,"Europe","Northern Europe","Sexual violence or physical assault by IPFM*  (domestic violence): Total number of offences",12,1882408,6.37481353670405,1,0.2,6.79980110581766,-0.0625000000000003,0.5316276,6.90604799809606
"lithuania","2019-10",0,0,0,0,0,0,0,0,"Europe","Northern Europe","Sexual violence or physical assault by IPFM*  (domestic violence): Total number of offences",597,2715340,219.861969403463,0,0,235.918890452024,-0.0680611926319086,0,234.2248116258
"lithuania","2019-11",0,0,0,0,0,0,0,0,"Europe","Northern Europe","Sexual violence or physical assault by IPFM*  (domestic violence): Total number of offences",603,2715340,222.071637437669,0,0.010050251256283,235.918890452024,-0.0586949734623786,0,234.2248116258
"lithuania","2019-12",0,0,0,0,0,0,0,0,"Europe","Northern Europe","Sexual violence or physical assault by IPFM*  (domestic violence): Total number of offences",830,2715340,305.670744731783,0,0.376451077943614,235.918890452024,0.295660318451451,0,329.977093108045
"lithuania","2020-01",0,0,0,0,0,0,0,0,"Europe","Northern Europe","Sexual violence or physical assault by IPFM*  (domestic violence): Total number of offences",581,2715340,213.969521312248,0,-0.3,235.918890452024,-0.0930377770839845,0,228.332363534585
"lithuania","2020-02",0,0,0,0,0,0,0,0,"Europe","Northern Europe","Sexual violence or physical assault by IPFM*  (domestic violence): Total number of offences",592,2715340,218.020579374959,0,0.0189328743545641,235.918890452024,-0.0758663752731794,0,229.068919545987
"lithuania","2020-03",0,16,16,1.4200148,0,48,0,0,"Europe","Northern Europe","Sexual violence or physical assault by IPFM*  (domestic violence): Total number of offences",652,2715340,240.117259717015,1,0.101351351351348,235.918890452024,0.0177958164221037,1.4200148,254.480101939352
"lithuania","2020-04",0,30,30,9.9401037,48,86,0,0,"Europe","Northern Europe","Sexual violence or physical assault by IPFM*  (domestic violence): Total number of offences",672,2715340,247.482819831034,1,0.0306748466257674,235.918890452024,0.0490165469871994,9.9401037,262.213940059072
"lithuania","2020-05",0,31,31,7.8100814,62,62,0,0,"Europe","Northern Europe","Sexual violence or physical assault by IPFM*  (domestic violence): Total number of offences",677,2715340,249.324209859539,1,0.00744047619047735,235.918890452024,0.0568217296284744,7.8100814,264.791886098978
"lithuania","2020-06",0,16,16,2.4850259,60,32,0,0,"Europe","Northern Europe","Sexual violence or physical assault by IPFM*  (domestic violence): Total number of offences",861,2715340,317.087362908512,1,0.271787296898077,235.918890452024,0.344052450827348,2.4850259,341.393711284775
"lithuania","2020-07",0,0,0,0.7100074,62,0,0,0,"Europe","Northern Europe","Sexual violence or physical assault by IPFM*  (domestic violence): Total number of offences",758,2715340,279.154728321315,0,-0.119628339140534,235.918890452024,0.183265688417108,0.7100074,295.358960572157
"lithuania","2020-08",0,25,25,2.1300222,62,25,0,0,"Europe","Northern Europe","Sexual violence or physical assault by IPFM*  (domestic violence): Total number of offences",817,2715340,300.883130657671,1,0.0778364116094999,235.918890452024,0.275366843584141,2.1300222,319.297030942718
"mongolia","2019-10",0,0,0,0,0,0,0,0,"Asia","Eastern Asia","Sexual violence or physical assault by IPFM*  (domestic violence): Total number of offences",22,3287242,6.69254043359144,0,0,6.75338171026045,-0.00900900900900912,0,0
"mongolia","2019-11",0,0,0,0,0,0,0,0,"Asia","Eastern Asia","Sexual violence or physical assault by IPFM*  (domestic violence): Total number of offences",32,3287242,9.7346042670421,0,0.454545454545455,6.75338171026045,0.441441441441442,0,3.04206383345066
"mongolia","2019-12",0,0,0,0,0,0,0,0,"Asia","Eastern Asia","Sexual violence or physical assault by IPFM*  (domestic violence): Total number of offences",25,3287242,7.60515958362664,0,-0.21875,6.75338171026045,0.126126126126126,0,5.77992128355625
"mongolia","2020-01",0,5,5,0,0,10,0,0,"Asia","Eastern Asia","Sexual violence or physical assault by IPFM*  (domestic violence): Total number of offences",17,3287242,5.17150851686611,1,-0.320000000000001,6.75338171026045,-0.234234234234235,0,4.56309575017598
"mongolia","2020-02",0,29,29,0,0,58,0,0,"Asia","Eastern Asia","Sexual violence or physical assault by IPFM*  (domestic violence): Total number of offences",15,3287242,4.56309575017598,1,-0.117647058823529,6.75338171026045,-0.324324324324325,0,2.12944468341546
"mongolia","2020-03",0,31,31,0,0,62,0,0,"Asia","Eastern Asia","Sexual violence or physical assault by IPFM*  (domestic violence): Total number of offences",11,3287242,3.34627021679572,1,-0.266666666666666,6.75338171026045,-0.504504504504505,0,1.52103191672533
"mongolia","2020-04",0,30,30,0,0,60,0,0,"Asia","Eastern Asia","Sexual violence or physical assault by IPFM*  (domestic violence): Total number of offences",18,3287242,5.47571490021118,1,0.636363636363637,6.75338171026045,-0.189189189189189,0,1.21682553338026
"mongolia","2020-05",0,31,31,0,0,65,0,0,"Asia","Eastern Asia","Sexual violence or physical assault by IPFM*  (domestic violence): Total number of offences",21,3287242,6.38833405024638,1,0.166666666666667,6.75338171026045,-0.0540540540540534,0,2.43365106676052
"mongolia","2020-06",0,0,0,0,0,60,0,0,"Asia","Eastern Asia","Sexual violence or physical assault by IPFM*  (domestic violence): Total number of offences",18,3287242,5.47571490021118,0,-0.142857142857143,6.75338171026045,-0.189189189189189,0,3.95468298348585
"mongolia","2020-07",0,0,0,0,0,62,0,0,"Asia","Eastern Asia","Sexual violence or physical assault by IPFM*  (domestic violence): Total number of offences",25,3287242,7.60515958362664,0,0.388888888888889,6.75338171026045,0.126126126126126,0,3.34627021679572
"mongolia","2020-08",0,0,0,0,27,62,0,0,"Asia","Eastern Asia","Sexual violence or physical assault by IPFM*  (domestic violence): Total number of offences",17,3287242,5.17150851686611,0,-0.320000000000001,6.75338171026045,-0.234234234234235,0,4.25888936683092
"myanmar","2019-10",0,0,0,0,0,0,0,0,"Asia","South-eastern Asia","Sexual violence or physical assault by IPFM*  (domestic violence): Total number of offences",19,54473253,0.348795031572651,0,0,0.345123504924518,0.0106382978723405,0,0
"myanmar","2019-11",0,0,0,0,0,0,0,0,"Asia","South-eastern Asia","Sexual violence or physical assault by IPFM*  (domestic violence): Total number of offences",27,54473253,0.495656097497978,0,0.421052631578948,0.345123504924518,0.436170212765958,0,0.348795031572651
"myanmar","2019-12",0,0,0,0,0,0,0,0,"Asia","South-eastern Asia","Sexual violence or physical assault by IPFM*  (domestic violence): Total number of offences",18,54473253,0.330437398331985,0,-0.333333333333334,0.345123504924518,-0.0425531914893622,0,0.495656097497978
"myanmar","2020-01",0,0,0,0,0,0,0,0,"Asia","South-eastern Asia","Sexual violence or physical assault by IPFM*  (domestic violence): Total number of offences",11,54473253,0.201933965647324,0,-0.388888888888889,0.345123504924518,-0.414893617021277,0,0.330437398331985
"myanmar","2020-02",0,0,0,0,0,0,0,0,"Asia","South-eastern Asia","Sexual violence or physical assault by IPFM*  (domestic violence): Total number of offences",19,54473253,0.348795031572651,0,0.72727272727273,0.345123504924518,0.0106382978723405,0,0.201933965647324
"myanmar","2020-03",0,0,0,0.018602319,0,12,0,0,"Asia","South-eastern Asia","Sexual violence or physical assault by IPFM*  (domestic violence): Total number of offences",22,54473253,0.403867931294648,0,0.157894736842104,0.345123504924518,0.170212765957445,0,0.348795031572651
"myanmar","2020-04",17,27,44,0.093011595,3,81,0,17,"Asia","South-eastern Asia","Sexual violence or physical assault by IPFM*  (domestic violence): Total number of offences",35,54473253,0.642517163423304,1.62962962962963,0.590909090909092,0.345123504924518,0.861702127659573,0.018602319,0.403867931294648
"myanmar","2020-05",31,31,62,0,15,75,1,48,"Asia","South-eastern Asia","Sexual violence or physical assault by IPFM*  (domestic violence): Total number of offences",27,54473253,0.495656097497978,2,-0.228571428571428,0.345123504924518,0.436170212765958,0.093011595,0.642517163423304
"myanmar","2020-06",30,30,60,0,0,60,1,78,"Asia","South-eastern Asia","Sexual violence or physical assault by IPFM*  (domestic violence): Total number of offences",35,54473253,0.642517163423304,2,0.296296296296295,0.345123504924518,0.861702127659573,0,0.495656097497978
"myanmar","2020-07",31,31,62,0,0,62,1,109,"Asia","South-eastern Asia","Sexual violence or physical assault by IPFM*  (domestic violence): Total number of offences",43,54473253,0.789378229348631,2,0.228571428571429,0.345123504924518,1.28723404255319,0,0.642517163423304
"myanmar","2020-08",31,31,62,0,0,62,1,140,"Asia","South-eastern Asia","Sexual violence or physical assault by IPFM*  (domestic violence): Total number of offences",18,54473253,0.330437398331985,2,-0.581395348837209,0.345123504924518,-0.0425531914893622,0,0.789378229348631
"namibia","2019-10",0,0,0,0,0,0,0,0,"Africa","Sub-Saharan Africa","Sexual violence or physical assault by IPFM*  (domestic violence): Total number of offences",228,2548663,89.4586691139629,0,0,89.3017240804296,0.00175746924428831,0,0
"namibia","2019-11",0,0,0,0,0,0,0,0,"Africa","Sub-Saharan Africa","Sexual violence or physical assault by IPFM*  (domestic violence): Total number of offences",247,2548663,96.9135582067931,0,0.0833333333333329,89.3017240804296,0.0852372583479785,0,69.8405399223044
"namibia","2019-12",0,0,0,0,0,0,0,0,"Africa","Sub-Saharan Africa","Sexual violence or physical assault by IPFM*  (domestic violence): Total number of offences",264,2548663,103.583722131957,0,0.0688259109311742,89.3017240804296,0.159929701230228,0,69.055814754638
"namibia","2020-01",0,0,0,0,0,0,0,0,"Africa","Sub-Saharan Africa","Sexual violence or physical assault by IPFM*  (domestic violence): Total number of offences",207,2548663,81.2190548534663,0,-0.215909090909091,89.3017240804296,-0.0905096660808436,0,76.1183412636351
"namibia","2020-02",0,0,0,0,0,0,0,0,"Africa","Sub-Saharan Africa","Sexual violence or physical assault by IPFM*  (domestic violence): Total number of offences",192,2548663,75.3336160959688,0,-0.0724637681159414,89.3017240804296,-0.156414762741652,0,60.8162004941414
"namibia","2020-03",5,5,10,0,0,0,0,5,"Africa","Sub-Saharan Africa","Sexual violence or physical assault by IPFM*  (domestic violence): Total number of offences",200,2548663,78.4725167666341,2,0.0416666666666659,89.3017240804296,-0.121265377855888,0,58.0696624073092
"namibia","2020-04",30,30,60,0,2,14,1,35,"Africa","Sub-Saharan Africa","Sexual violence or physical assault by IPFM*  (domestic violence): Total number of offences",94,2548663,36.882082880318,2,-0.53,89.3017240804296,-0.586994727592267,0,54.5383991528107
"namibia","2020-05",6,31,37,0,0,58,1,41,"Africa","Sub-Saharan Africa","Sexual violence or physical assault by IPFM*  (domestic violence): Total number of offences",89,2548663,34.9202699611522,1.19354838709677,-0.0531914893617008,89.3017240804296,-0.60896309314587,0,23.1493924461571
"namibia","2020-06",0,30,30,0,0,60,0,0,"Africa","Sub-Saharan Africa","Sexual violence or physical assault by IPFM*  (domestic violence): Total number of offences",134,2548663,52.5765862336449,1,0.50561797752809,89.3017240804296,-0.411247803163444,0,25.8959305329893
"namibia","2020-07",0,31,31,3.11459,0,62,0,0,"Africa","Sub-Saharan Africa","Sexual violence or physical assault by IPFM*  (domestic violence): Total number of offences",156,2548663,61.2085630779746,1,0.164179104477611,89.3017240804296,-0.314586994727592,0,34.527907377319
"namibia","2020-08",0,31,31,24.91671995,0,62,0,0,"Africa","Sub-Saharan Africa","Sexual violence or physical assault by IPFM*  (domestic violence): Total number of offences",177,2548663,69.4481773384712,1,0.134615384615385,89.3017240804296,-0.22231985940246,3.11459,43.5522468054819
"new zealand","2019-10",0,0,0,0,0,0,0,0,"Oceania","Australia and New Zealand","Sexual violence or physical assault by IPFM*  (domestic violence): Total number of offences",1000,4829021,207.081311098047,0,0,221.53558661269,-0.0652458403439875,0,0
"new zealand","2019-11",0,0,0,0,0,0,0,0,"Oceania","Australia and New Zealand","Sexual violence or physical assault by IPFM*  (domestic violence): Total number of offences",1127,4829021,233.380637607498,0,0.126999999999995,221.53558661269,0.0534679379323217,0,155.932227256829
"new zealand","2019-12",0,0,0,0,0,0,0,0,"Oceania","Australia and New Zealand","Sexual violence or physical assault by IPFM*  (domestic violence): Total number of offences",1188,4829021,246.012597584479,0,0.054125998225378,221.53558661269,0.110487941671339,0,171.877488211379
"new zealand","2020-01",0,0,0,0,0,0,0,0,"Oceania","Australia and New Zealand","Sexual violence or physical assault by IPFM*  (domestic violence): Total number of offences",1055,4829021,218.470783208439,0,-0.111952861952861,221.53558661269,-0.0138343615629094,0,184.923610810556
"new zealand","2020-02",0,0,0,0,0,0,0,0,"Oceania","Australia and New Zealand","Sexual violence or physical assault by IPFM*  (domestic violence): Total number of offences",979,4829021,202.732603564988,0,-0.0720379146919407,221.53558661269,-0.0848756776967638,0,169.806675100398
"new zealand","2020-03",9,11,20,0.19486795,30,27,0,9,"Oceania","Australia and New Zealand","Sexual violence or physical assault by IPFM*  (domestic violence): Total number of offences",991,4829021,205.217579298164,1.81818181818182,0.0122574055158296,221.53558661269,-0.0736586277808942,0,148.477300057299
"new zealand","2020-04",30,30,60,3.5076231,60,87,1,39,"Oceania","Australia and New Zealand","Sexual violence or physical assault by IPFM*  (domestic violence): Total number of offences",824,4829021,170.63500034479,2,-0.168516649848639,221.53558661269,-0.229762572443449,0.19486795,156.139308567927
"new zealand","2020-05",13,13,26,0.58460385,62,26,1,52,"Oceania","Australia and New Zealand","Sexual violence or physical assault by IPFM*  (domestic violence): Total number of offences",803,4829021,166.286292811731,2,-0.0254854368932041,221.53558661269,-0.249392409796225,3.5076231,131.49663254726
"new zealand","2020-06",0,0,0,0,60,0,0,0,"Oceania","Australia and New Zealand","Sexual violence or physical assault by IPFM*  (domestic violence): Total number of offences",820,4829021,169.806675100398,0,0.0211706102117075,221.53558661269,-0.233501589082072,0.58460385,127.976250258593
"new zealand","2020-07",0,0,0,0,62,0,0,0,"Oceania","Australia and New Zealand","Sexual violence or physical assault by IPFM*  (domestic violence): Total number of offences",784,4829021,162.351747900869,0,-0.0439024390243864,221.53558661269,-0.267152738829686,0,127.562087636397
"new zealand","2020-08",19,19,38,0,62,58,0,19,"Oceania","Australia and New Zealand","Sexual violence or physical assault by IPFM*  (domestic violence): Total number of offences",631,4829021,130.668307302867,2,-0.195153061224495,221.53558661269,-0.410170125257059,0,128.804575502985
"peru","2019-10",0,0,0,0,0,0,0,0,"Americas","Latin America and the Caribbean","Sexual violence or physical assault by IPFM*  (domestic violence): Total number of offences",9895,33050211,299.392944874089,0,0,347.785979339134,-0.139146018930957,0,0
"peru","2019-11",0,0,0,0,0,0,0,0,"Americas","Latin America and the Caribbean","Sexual violence or physical assault by IPFM*  (domestic violence): Total number of offences",10508,33050211,317.940481529755,0,0.061950480040424,347.785979339134,-0.08581570155902,0,5.90011361803409
"peru","2019-12",0,0,0,0,0,0,0,0,"Americas","Latin America and the Caribbean","Sexual violence or physical assault by IPFM*  (domestic violence): Total number of offences",11642,33050211,352.251911493092,0,0.107917776931862,347.785979339134,0.0128410356347448,0,6.05139858259906
"peru","2020-01",0,0,0,0,0,0,0,0,"Americas","Latin America and the Caribbean","Sexual violence or physical assault by IPFM*  (domestic violence): Total number of offences",13018,33050211,393.885533741373,0,0.11819275038653,347.785979339134,0.132551503340757,0,4.68983390151427
"peru","2020-02",0,0,0,0,0,0,0,0,"Americas","Latin America and the Caribbean","Sexual violence or physical assault by IPFM*  (domestic violence): Total number of offences",12409,33050211,375.459025057359,0,-0.0467813796282068,347.785979339134,0.0795691815144763,0,6.53551046920699
"peru","2020-03",17,17,48,2.837906469,16,48,0,17,"Americas","Latin America and the Caribbean","Sexual violence or physical assault by IPFM*  (domestic violence): Total number of offences",9750,33050211,295.005680901704,2.82352941176471,-0.214279958094932,347.785979339134,-0.151760857461026,0,6.98936536290192
"peru","2020-04",30,30,90,119.81939917,30,90,1,47,"Americas","Latin America and the Caribbean","Sexual violence or physical assault by IPFM*  (domestic violence): Total number of offences",4191,33050211,126.807057298363,3,-0.570153846153847,347.785979339134,-0.635387667037863,2.837906469,5.53702970307814
"peru","2020-05",31,31,72,459.352502,31,62,1,78,"Americas","Latin America and the Caribbean","Sexual violence or physical assault by IPFM*  (domestic violence): Total number of offences",5225,33050211,158.092787970401,2.32258064516129,0.246719160104994,347.785979339134,-0.545430818485522,119.81939917,2.72312936216958
"peru","2020-06",30,30,60,522.5033875,30,60,1,108,"Americas","Latin America and the Caribbean","Sexual violence or physical assault by IPFM*  (domestic violence): Total number of offences",6730,33050211,203.629562304459,2,0.288038277511961,347.785979339134,-0.41449749443207,459.352502,3.14672726295151
"peru","2020-07",31,31,62,538.335923,31,62,1,139,"Americas","Latin America and the Caribbean","Sexual violence or physical assault by IPFM*  (domestic violence): Total number of offences",7633,33050211,230.951626904893,2,0.134175334323919,347.785979339134,-0.335937500000001,522.5033875,5.35548774560017
"peru","2020-08",31,31,62,539.620444,31,62,1,170,"Americas","Latin America and the Caribbean","Sexual violence or physical assault by IPFM*  (domestic violence): Total number of offences",7799,33050211,235.974287728451,2,0.0217476745709453,347.785979339134,-0.321495684855233,538.335923,5.56728669599114
"poland","2019-10",0,0,0,0,0,0,0,0,"Europe","Eastern Europe","Sexual violence or physical assault by IPFM*  (domestic violence): Total number of offences",1343,37839255,35.4922421173461,0,0,37.2681756022945,-0.0476528152035181,0,0
"poland","2019-11",0,0,0,0,0,0,0,0,"Europe","Eastern Europe","Sexual violence or physical assault by IPFM*  (domestic violence): Total number of offences",1380,37839255,36.4700626373326,0,0.0275502606105747,37.2681756022945,-0.0214154020706279,0,11.0467291176848
"poland","2019-12",0,0,0,0,0,0,0,0,"Europe","Eastern Europe","Sexual violence or physical assault by IPFM*  (domestic violence): Total number of offences",2131,37839255,56.3171764348955,0,0.544202898550725,37.2681756022945,0.511133172599632,0,10.2010465058046
"poland","2020-01",0,0,0,0,0,0,0,0,"Europe","Eastern Europe","Sexual violence or physical assault by IPFM*  (domestic violence): Total number of offences",1023,37839255,27.0354159985444,0,-0.519943688409197,37.2681756022945,-0.274570982839313,0,14.9315836160094
"poland","2020-02",0,0,0,0,0,0,0,0,"Europe","Eastern Europe","Sexual violence or physical assault by IPFM*  (domestic violence): Total number of offences",1174,37839255,31.0259808233539,0,0.147605083088951,37.2681756022945,-0.167493972486174,0,12.6323840149601
"poland","2020-03",1,1,2,0.807592644,14,36,0,1,"Europe","Eastern Europe","Sexual violence or physical assault by IPFM*  (domestic violence): Total number of offences",1164,37839255,30.7617050071414,2,-0.00851788756388239,37.2681756022945,-0.174585165224791,0,10.2539016690471
"poland","2020-04",19,30,49,15.396363072,30,60,1,20,"Europe","Eastern Europe","Sexual violence or physical assault by IPFM*  (domestic violence): Total number of offences",863,37839255,22.8070029391435,1.63333333333333,-0.258591065292096,37.2681756022945,-0.388030066657212,0.807592644,10.4917499036384
"poland","2020-05",0,29,29,11.410502418,31,62,0,0,"Europe","Eastern Europe","Sexual violence or physical assault by IPFM*  (domestic violence): Total number of offences",1171,37839255,30.9466980784902,1,0.356894553881808,37.2681756022945,-0.169621330307757,15.396363072,7.10901945611773
"poland","2020-06",0,0,0,10.003728328,30,60,0,0,"Europe","Eastern Europe","Sexual violence or physical assault by IPFM*  (domestic violence): Total number of offences",2127,37839255,56.2114661084104,0,0.816396242527752,37.2681756022945,0.508296695504183,11.410502418,10.0160534344558
"poland","2020-07",0,0,0,6.903614556,31,62,0,0,"Europe","Eastern Europe","Sexual violence or physical assault by IPFM*  (domestic violence): Total number of offences",1101,37839255,29.0967673650023,0,-0.482369534555712,37.2681756022945,-0.219259679478088,10.003728328,16.9929349824673
"poland","2020-08",0,0,0,8.440645688,31,62,0,0,"Europe","Eastern Europe","Sexual violence or physical assault by IPFM*  (domestic violence): Total number of offences",1148,37839255,30.3388637012013,0,0.042688465031789,37.2681756022945,-0.185931073606581,6.903614556,7.58471592530033
"serbia","2019-10",0,0,0,0,0,0,0,0,"Europe","Southern Europe","Sexual violence or physical assault by IPFM*  (domestic violence): Total number of offences",502,8731081,57.4957442268603,0,0,53.2809167616244,0.079105760963026,0,0
"serbia","2019-11",0,0,0,0,0,0,0,0,"Europe","Southern Europe","Sexual violence or physical assault by IPFM*  (domestic violence): Total number of offences",432,8731081,49.4784093745093,0,-0.139442231075697,53.2809167616244,-0.0713671539122957,0,57.4957442268603
"serbia","2019-12",0,0,0,0,0,0,0,0,"Europe","Southern Europe","Sexual violence or physical assault by IPFM*  (domestic violence): Total number of offences",520,8731081,59.5573446174649,0,0.203703703703704,53.2809167616244,0.117798796216681,0,49.4784093745093
"serbia","2020-01",0,0,0,0,0,0,0,0,"Europe","Southern Europe","Sexual violence or physical assault by IPFM*  (domestic violence): Total number of offences",486,8731081,55.663210546323,0,-0.0653846153846148,53.2809167616244,0.0447119518486681,0,59.5573446174649
"serbia","2020-02",0,0,0,0,0,0,0,0,"Europe","Southern Europe","Sexual violence or physical assault by IPFM*  (domestic violence): Total number of offences",386,8731081,44.2098750429643,0,-0.205761316872429,53.2809167616244,-0.17024935511608,0,55.663210546323
"serbia","2020-03",17,17,48,2.35599974,1,38,0,17,"Europe","Southern Europe","Sexual violence or physical assault by IPFM*  (domestic violence): Total number of offences",399,8731081,45.6988086584009,2.82352941176471,0.0336787564766835,53.2809167616244,-0.142304385210663,0,44.2098750429643
"serbia","2020-04",30,30,90,23.11824732,30,80,1,47,"Europe","Southern Europe","Sexual violence or physical assault by IPFM*  (domestic violence): Total number of offences",350,8731081,40.0866742617552,3,-0.122807017543859,53.2809167616244,-0.247635425623388,2.35599974,45.6988086584009
"serbia","2020-05",6,31,43,10.16024872,31,62,1,53,"Europe","Southern Europe","Sexual violence or physical assault by IPFM*  (domestic violence): Total number of offences",459,8731081,52.5708099604161,1.38709677419355,0.311428571428571,53.2809167616244,-0.0133276010318148,23.11824732,40.0866742617552
"serbia","2020-06",0,30,30,4.71199936,30,10,0,0,"Europe","Southern Europe","Sexual violence or physical assault by IPFM*  (domestic violence): Total number of offences",440,8731081,50.394676214778,1,-0.0413943355119818,53.2809167616244,-0.0541702493551158,10.16024872,52.5708099604161
"serbia","2020-07",0,31,31,42.84974636,33,62,0,0,"Europe","Southern Europe","Sexual violence or physical assault by IPFM*  (domestic violence): Total number of offences",450,8731081,51.5400097651139,1,0.0227272727272734,53.2809167616244,-0.0326741186586405,4.71199936,50.394676214778
"serbia","2020-08",0,31,31,21.4984977,62,62,0,0,"Europe","Southern Europe","Sexual violence or physical assault by IPFM*  (domestic violence): Total number of offences",451,8731081,51.6545431201474,1,0.00222222222222057,53.2809167616244,-0.0305245055889946,42.84974636,51.5400097651139
"spain","2019-10",0,0,0,0,0,0,0,0,"Europe","Southern Europe","Sexual violence or physical assault by IPFM*  (domestic violence): Total number of offences",7925,46757980,169.489785486884,0,0,163.309022331589,0.0378470403352554,0,0
"spain","2019-11",0,0,0,0,0,0,0,0,"Europe","Southern Europe","Sexual violence or physical assault by IPFM*  (domestic violence): Total number of offences",7479,46757980,159.951306707433,0,-0.0562776025236585,163.309022331589,-0.0205605028810874,0,139.12063780343
"spain","2019-12",0,0,0,0,0,0,0,0,"Europe","Southern Europe","Sexual violence or physical assault by IPFM*  (domestic violence): Total number of offences",7732,46757980,165.36214780878,0,0.0338280518785882,163.309022331589,0.0125720272393895,0,131.07922968443
"spain","2020-01",0,0,0,0,0,0,0,0,"Europe","Southern Europe","Sexual violence or physical assault by IPFM*  (domestic violence): Total number of offences",7422,46757980,158.73226345535,0,-0.0400931195033619,163.309022331589,-0.0280251440544808,0,134.201691347659
"spain","2020-02",0,0,0,0.020908106,0,0,0,0,"Europe","Southern Europe","Sexual violence or physical assault by IPFM*  (domestic violence): Total number of offences",7622,46757980,163.009608199499,0,0.0269469145782842,163.309022331589,-0.00183342063907681,0,128.491436114221
"spain","2020-03",18,18,36,179.3079146,28,43,0,18,"Europe","Southern Europe","Sexual violence or physical assault by IPFM*  (domestic violence): Total number of offences",6341,46757980,135.613215113228,2,-0.168066124376804,163.309022331589,-0.169591409114718,0.020908106,132.554913621162
"spain","2020-04",30,30,60,346.42641,60,90,1,48,"Europe","Southern Europe","Sexual violence or physical assault by IPFM*  (domestic violence): Total number of offences",5870,46757980,125.540068240758,2,-0.0742785049676728,163.309022331589,-0.231272917757989,179.3079146,110.269947504148
"spain","2020-05",26,31,57,84.092404,55,83,1,74,"Europe","Southern Europe","Sexual violence or physical assault by IPFM*  (domestic violence): Total number of offences",7994,46757980,170.965469423615,1.83870967741935,0.3618398637138,163.309022331589,0.0468831849135673,346.42641,100.389281145165
"spain","2020-06",0,20,20,11.9176211,60,37,0,0,"Europe","Southern Europe","Sexual violence or physical assault by IPFM*  (domestic violence): Total number of offences",9122,46757980,195.089693780612,1,0.141105829372026,163.309022331589,0.194604504976425,84.092404,135.805695626714
"spain","2020-07",17,28,45,3.11530792,62,48,0,17,"Europe","Southern Europe","Sexual violence or physical assault by IPFM*  (domestic violence): Total number of offences",9377,46757980,200.543308329402,1.60714285714286,0.0279543959658005,163.309022331589,0.227998952331065,11.9176211,155.823669029329
"spain","2020-08",9,31,40,23.8979657,62,62,1,26,"Europe","Southern Europe","Sexual violence or physical assault by IPFM*  (domestic violence): Total number of offences",9056,46757980,193.678170015043,1.29032258064516,-0.0342326970246381,163.309022331589,0.185961236249342,3.11530792,162.17552597439
"sweden","2019-10",0,0,0,0,0,0,0,0,"Europe","Northern Europe","Sexual violence or physical assault by IPFM*  (domestic violence): Total number of offences",1717,10110233,169.827935716219,0,0,177.048343000601,-0.0407821229050287,0,0
"sweden","2019-11",0,0,0,0,0,0,0,0,"Europe","Northern Europe","Sexual violence or physical assault by IPFM*  (domestic violence): Total number of offences",1644,10110233,162.607528431837,0,-0.0425160163075127,177.048343000601,-0.0815642458100562,0,115.130877794805
"sweden","2019-12",0,0,0,0,0,0,0,0,"Europe","Northern Europe","Sexual violence or physical assault by IPFM*  (domestic violence): Total number of offences",1898,10110233,187.730589393934,0,0.154501216545015,177.048343000601,0.0603351955307287,0,108.503928643385
"sweden","2020-01",0,0,0,0,0,0,0,0,"Europe","Northern Europe","Sexual violence or physical assault by IPFM*  (domestic violence): Total number of offences",1855,10110233,183.477472774366,0,-0.0226554267650184,177.048343000601,0.0363128491620109,0,128.186956719989
"sweden","2020-02",0,0,0,0,0,0,0,0,"Europe","Northern Europe","Sexual violence or physical assault by IPFM*  (domestic violence): Total number of offences",1836,10110233,181.59818868665,0,-0.0102425876010788,177.048343000601,0.0256983240223454,0,131.352066762457
"sweden","2020-03",0,7,7,27.08040211,42,16,0,0,"Europe","Northern Europe","Sexual violence or physical assault by IPFM*  (domestic violence): Total number of offences",1915,10110233,189.412054103995,1,0.0430283224400874,177.048343000601,0.0698324022346361,0,129.472782674742
"sweden","2020-04",0,30,30,239.6234136,60,30,0,0,"Europe","Northern Europe","Sexual violence or physical assault by IPFM*  (domestic violence): Total number of offences",1864,10110233,184.367659973811,1,-0.026631853785897,177.048343000601,0.0413407821229083,27.08040211,131.846615206593
"sweden","2020-05",0,31,31,169.5385714,62,31,0,0,"Europe","Northern Europe","Sexual violence or physical assault by IPFM*  (domestic violence): Total number of offences",2061,10110233,203.85286867276,1,0.105686695278971,177.048343000601,0.151396648044697,239.6234136,131.94552489542
"sweden","2020-06",0,30,30,83.9111042,60,30,0,0,"Europe","Northern Europe","Sexual violence or physical assault by IPFM*  (domestic violence): Total number of offences",2161,10110233,213.743837555475,1,0.0485201358563796,177.048343000601,0.207262569832406,169.5385714,142.429951911098
"sweden","2020-07",0,31,31,25.17333105,62,31,0,0,"Europe","Northern Europe","Sexual violence or physical assault by IPFM*  (domestic violence): Total number of offences",1967,10110233,194.555357923007,1,-0.0897732531235566,177.048343000601,0.0988826815642457,83.9111042,150.540546394925
"sweden","2020-08",0,31,31,6.67474696,62,31,0,0,"Europe","Northern Europe","Sexual violence or physical assault by IPFM*  (domestic violence): Total number of offences",NA,10110233,NA,1,0,177.048343000601,NA,25.17333105,141.935403466963
"uruguay","2019-10",0,0,0,0,0,0,0,0,"Americas","Latin America and the Caribbean","Sexual violence or physical assault by IPFM*  (domestic violence): Total number of offences",251,3475842,72.2127185297836,0,0,80.9588007740283,-0.108031272210376,0,0
"uruguay","2019-11",0,0,0,0,0,0,0,0,"Americas","Latin America and the Caribbean","Sexual violence or physical assault by IPFM*  (domestic violence): Total number of offences",269,3475842,77.3913198586127,0,0.0717131474103586,80.9588007740283,-0.0440653873489689,0,72.2127185297836
"uruguay","2019-12",0,0,0,0,0,0,0,0,"Americas","Latin America and the Caribbean","Sexual violence or physical assault by IPFM*  (domestic violence): Total number of offences",304,3475842,87.460822442447,0,0.130111524163568,80.9588007740283,0.0803127221037666,0,76.5282196371411
"uruguay","2020-01",0,0,0,0,0,0,0,0,"Americas","Latin America and the Caribbean","Sexual violence or physical assault by IPFM*  (domestic violence): Total number of offences",294,3475842,84.5838217042086,0,-0.0328947368421053,80.9588007740283,0.0447761194029847,0,90.9132233283331
"uruguay","2020-02",0,0,0,0,0,0,0,0,"Americas","Latin America and the Caribbean","Sexual violence or physical assault by IPFM*  (domestic violence): Total number of offences",289,3475842,83.1453213350894,0,-0.0170068027210885,80.9588007740283,0.0270078180525938,0,111.915328717473
"uruguay","2020-03",0,19,19,0,14,17,0,0,"Americas","Latin America and the Caribbean","Sexual violence or physical assault by IPFM*  (domestic violence): Total number of offences",282,3475842,81.1314208183226,1,-0.0242214532871965,80.9588007740283,0.00213219616204728,0,82.8576212612656
"uruguay","2020-04",11,30,41,4.42365234,30,30,0,11,"Americas","Latin America and the Caribbean","Sexual violence or physical assault by IPFM*  (domestic violence): Total number of offences",294,3475842,84.5838217042086,1.36666666666667,0.042553191489361,80.9588007740283,0.0447761194029847,0,92.9271238451
"uruguay","2020-05",0,31,31,2.06437106,31,31,0,0,"Americas","Latin America and the Caribbean","Sexual violence or physical assault by IPFM*  (domestic violence): Total number of offences",257,3475842,73.9389189727266,1,-0.125850340136054,80.9588007740283,-0.0867093105899076,4.42365234,81.4191208921464
"uruguay","2020-06",0,30,30,1.4745508,30,30,0,0,"Americas","Latin America and the Caribbean","Sexual violence or physical assault by IPFM*  (domestic violence): Total number of offences",248,3475842,71.3496183083121,1,-0.0350194552529175,80.9588007740283,-0.11869225302061,2.06437106,80.8437207444988
"uruguay","2020-07",0,9,9,2.35928128,32,31,0,0,"Americas","Latin America and the Caribbean","Sexual violence or physical assault by IPFM*  (domestic violence): Total number of offences",202,3475842,58.1154149124155,1,-0.185483870967742,80.9588007740283,-0.282160625444207,1.4745508,73.3635188250789
"uruguay","2020-08",0,1,1,2.65419142,62,31,0,0,"Americas","Latin America and the Caribbean","Sexual violence or physical assault by IPFM*  (domestic violence): Total number of offences",242,3475842,69.623417865369,1,0.198019801980197,80.9588007740283,-0.14001421464108,2.35928128,73.3635188250789
"eswatini","2019-10",0,0,0,0,0,0,0,0,"Africa","Sub-Saharan Africa","Sexual violence or physical assault by IPFM* (domestic violence): Total number of victims",2790,1162233,2400.55135243966,0,0,2195.08480657493,0.0936030103480714,0,0
"eswatini","2019-11",0,0,0,0,0,0,0,0,"Africa","Sub-Saharan Africa","Sexual violence or physical assault by IPFM* (domestic violence): Total number of victims",2054,1162233,1767.28762649142,0,-0.263799283154121,2195.08480657493,-0.194888679836939,0,2400.55135243966
"eswatini","2019-12",0,0,0,0,0,0,0,0,"Africa","Sub-Saharan Africa","Sexual violence or physical assault by IPFM* (domestic violence): Total number of victims",2444,1162233,2102.84856823029,0,0.189873417721519,2195.08480657493,-0.0420194418312951,0,1767.28762649142
"eswatini","2020-01",0,0,0,0,0,0,0,0,"Africa","Sub-Saharan Africa","Sexual violence or physical assault by IPFM* (domestic violence): Total number of victims",2840,1162233,2443.57198599592,0,0.1620294599018,2195.08480657493,0.113201630605205,0,2102.84856823029
"eswatini","2020-02",0,0,0,0,0,0,0,0,"Africa","Sub-Saharan Africa","Sexual violence or physical assault by IPFM* (domestic violence): Total number of victims",2628,1162233,2261.16449971735,0,-0.0746478873239433,2195.08480657493,0.0301034807149578,0,2443.57198599592
"eswatini","2020-03",5,5,10,0,0,5,0,5,"Africa","Sub-Saharan Africa","Sexual violence or physical assault by IPFM* (domestic violence): Total number of victims",2144,1162233,1844.7247668927,2,-0.184170471841704,2195.08480657493,-0.159611163374098,0,2261.16449971735
"eswatini","2020-04",30,30,60,0.82043004,0,58,1,35,"Africa","Sub-Saharan Africa","Sexual violence or physical assault by IPFM* (domestic violence): Total number of victims",1646,1162233,1416.23925667228,2,-0.232276119402986,2195.08480657493,-0.354813421135152,0,1844.7247668927
"eswatini","2020-05",31,31,62,0.82043004,0,62,1,66,"Africa","Sub-Saharan Africa","Sexual violence or physical assault by IPFM* (domestic violence): Total number of victims",1706,1162233,1467.8640169398,2,0.0364520048602671,2195.08480657493,-0.331295076826591,0.82043004,1416.23925667228
"eswatini","2020-06",30,30,60,7.38387034,0,60,1,96,"Africa","Sub-Saharan Africa","Sexual violence or physical assault by IPFM* (domestic violence): Total number of victims",2128,1162233,1830.95816415469,2,0.24736225087925,2195.08480657493,-0.165882721856381,0.82043004,1467.8640169398
"eswatini","2020-07",31,31,62,23.79247104,0,62,1,127,"Africa","Sub-Saharan Africa","Sexual violence or physical assault by IPFM* (domestic violence): Total number of victims",1784,1162233,1534.97620528758,2,-0.161654135338346,2195.08480657493,-0.300721229225462,7.38387034,1830.95816415469
"eswatini","2020-08",17,31,48,41.84193234,0,48,1,144,"Africa","Sub-Saharan Africa","Sexual violence or physical assault by IPFM* (domestic violence): Total number of victims",1972,1162233,1696.73378745914,1.54838709677419,0.105381165919283,2195.08480657493,-0.227030417058638,23.79247104,1534.97620528758
